city,country,pub_location,PlaceID
Kingston,Jamaica,"Kingston, Jamaica",kingston_jamaica
Barcelona,Spain,"Barcelona, Spain",barcelona_spain
London,England,"London, England",london_england
Chichester,West Sussex,"Chichester, West Sussex, England",chichester_west_sussex_england
Richmond,London,"Richmond, Londonland",richmond_londonland
Oxford,England,"Oxford, England",oxford_england
Valencia,Spain,"Valencia, Spain",valencia_spain
Paris,France,"Paris, France",paris_france
Moncton,Canada,"Moncton, Canada",moncton_canada
"Amherst, MA",United States,"Amherst, MA, United States",amherst_ma_united_states
"Washington, DC",United States,"Washington, DC, United States",washington_dc_united_states
Buenos Aires,Argentina,"Buenos Aires, Argentina",buenos_aires_argentina
Scarborough,Canada,"Scarborough, Canada",scarborough_canada
Santo Domingo,Dominican Republic,"Santo Domingo, Dominican Republic",santo_domingo_dominican_republic
Brighton,England,"Brighton, England",brighton_england
"Brooklyn, NY",United States,"Brooklyn, NY, United States",brooklyn_ny_united_states
Washington,United States,"Washington, United States",washington_united_states
Praha,Czech Republic,"Praha, Czech Republic",praha_czech_republic
Trafalgar,Dominica,"Trafalgar, Dominica",trafalgar_dominica
Port-au-Prince,Haiti,"Port-au-Prince, Haiti",port_au_prince_haiti
Pompano Beach,United States,"Pompano Beach, United States",pompano_beach_united_states
Chapel Hill,United States,"Chapel Hill, United States",chapel_hill_united_states
Toronto,Canada,"Toronto, Canada",toronto_canada
Wyoming,United States,"Wyoming, United States",wyoming_united_states
Madrid,Spain,"Madrid, Spain",madrid_spain
"New Brunswick, NJ",United States,"New Brunswick, NJ, United States",new_brunswick_nj_united_states
"Bloomington, IN",United States,"Bloomington, IN, United States",bloomington_in_united_states
Bridgetown,Barbados,"Bridgetown, Barbados",bridgetown_barbados
St. Michael,Barbados,"St. Michael, Barbados",st._michael_barbados
Leeds,England,"Leeds, England",leeds_england
Windsor,Canada,"Windsor, Canada",windsor_canada
St. Philip,Barbados,"St. Philip, Barbados",st._philip_barbados
Glasgow,Scotland,"Glasgow, Scotland",glasgow_scotland
Annandale-on-Hudson,United States,"Annandale-on-Hudson, United States",annandale_on_hudson_united_states
North Devon,England,"North Devon, England",north_devon_england
Port of Spain,Trinidad,"Port of Spain, Trinidad",port_of_spain_trinidad
Port-au- Prince,Haiti,"Port-au- Prince, Haiti",port_au__prince_haiti
"Woodstock, NY",United States,"Woodstock, NY, United States",woodstock_ny_united_states
"New York, NY",United States,"New York, NY, United States",new_york_ny_united_states
Tokyo,Japan,"Tokyo, Japan",tokyo_japan
"Miami, FL",United States,"Miami, FL, United States",miami_fl_united_states
Westminster,England,"Westminster, England",westminster_england
Berlin,Germany,"Berlin, Germany",berlin_germany
NA,NA,"NA , NA",na__na
Mexico City,Mexico,"Mexico City, Mexico",mexico_city_mexico
Caracas,Venezuala,"Caracas, Venezuala",caracas_venezuala
Málaga,Spain,"Málaga, Spain",málaga_spain
Saint-Nazaire,France,"Saint-Nazaire, France",saint_nazaire_france
Darmstadt,Germany,"Darmstadt, Germany",darmstadt_germany
Frankfurt,Germany,"Frankfurt, Germany",frankfurt_germany
Beograd,Serbia,"Beograd, Serbia",beograd_serbia
Bucuresti,Romania,"Bucuresti, Romania",bucuresti_romania
Helsinki,Finland,"Helsinki, Finland",helsinki_finland
Rio de Janeiro,Brazil,"Rio de Janeiro, Brazil",rio_de_janeiro_brazil
Castries,St. Lucia,"Castries, St. Lucia",castries_st._lucia
Havana,Cuba,"Havana, Cuba",havana_cuba
Nürnberg,Germany,"Nürnberg, Germany",nürnberg_germany
Homebush West,Australia,"Homebush West, Australia",homebush_west_australia
Ontario,Canada,"Ontario, Canada",ontario_canada
"Chicago, IL",United States,"Chicago, IL, United States",chicago_il_united_states
"Tulsa, OK",United States,"Tulsa, OK, United States",tulsa_ok_united_states
"Boston, MA",United States,"Boston, MA, United States",boston_ma_united_states
"Salt Lake City, UT",United States,"Salt Lake City, UT, United States",salt_lake_city_ut_united_states
Berkeley,United States,"Berkeley, United States",berkeley_united_states
Cambridge,England,"Cambridge, England",cambridge_england
Mona,Jamaica,"Mona, Jamaica",mona_jamaica
Albuquerque,United States,"Albuquerque, United States",albuquerque_united_states
Amherst,United States,"Amherst, United States",amherst_united_states
Hanover,United States,"Hanover, United States",hanover_united_states
San Juan,Puerto Rico,"San Juan, Puerto Rico",san_juan_puerto_rico
Michigan,United States,"Michigan, United States",michigan_united_states
St. Augustine,Trinidad & Tobago,"St. Augustine, Trinidad & Tobago",st._augustine_trinidad_&_tobago
Tulsa,United States,"Tulsa, United States",tulsa_united_states
Bloomington,United States,"Bloomington, United States",bloomington_united_states
Milan,Italy,"Milan, Italy",milan_italy
Basseterre,St. Kitts,"Basseterre, St. Kitts",basseterre_st._kitts
Geneva,Switzerland,"Geneva, Switzerland",geneva_switzerland
Caracas,Venezuala,"Caracas, Venezuela",caracas_venezuela
Havana,Spain,"Havana, Spain",havana_spain
Seville,Spain,"Seville, Spain",seville_spain
Vedado,Cuba,"Vedado, Cuba",vedado_cuba
Rosario,Argentina,"Rosario, Argentina",rosario_argentina
Bogotá,Columbia,"Bogotá, Columbia",bogotá_columbia
Alexandria,Egypt,"Alexandria, Egypt",alexandria_egypt
"Alexandria, VA",United States,"Alexandria, VA, United States",alexandria_va_united_states
Sana Cruz,Trinidad & Tobago,"Sana Cruz, Trinidad & Tobago",sana_cruz_trinidad_&_tobago
"Minneapolis, MN",United States,"Minneapolis, MN, United States",minneapolis_mn_united_states
"Madison, WI",United States,"Madison, WI, United States",madison_wi_united_states
Buenos Aires,Caracas,"Buenos Aires, Caracas",buenos_aires_caracas
"Ann Arbor, MI",United States,"Ann Arbor, MI, United States",ann_arbor_mi_united_states
Mysore,India,"Mysore, India",mysore_india
"Middletown, CT",United States,"Middletown, CT, United States",middletown_ct_united_states
"Providence, RI",United States,"Providence, RI, United States",providence_ri_united_states
Philipsburg,St. Martin,"Philipsburg, St. Martin",philipsburg_st._martin
Cave Hill,Barbados,"Cave Hill , Barbados",cave_hill__barbados
Ann Arbor,United States,"Ann Arbor, United States",ann_arbor_united_states
Baltimore,United States,"Baltimore, United States",baltimore_united_states
Norman,United States,"Norman, United States",norman_united_states
Yorkshire,England,"Yorkshire, England",yorkshire_england
Hudson,United States,"Hudson, United States",hudson_united_states
Bremen,Germany,"Bremen, Germany",bremen_germany
Auckland,New Zealand,"Auckland, New Zealand",auckland_new_zealand
Harlow,England,"Harlow, England",harlow_england
Ealing,England,"Ealing, England",ealing_england
Leuven,Belgium,"Leuven, Belgium",leuven_belgium
Plounéour-Ménez,France,"Plounéour-Ménez, France",plounéour_ménez_france
Montreal,Canada,"Montreal, Canada",montreal_canada
Cromer,England,"Cromer, England",cromer_england
Staten Island,United States,"Staten Island, United States",staten_island_united_states
Springfield,United States,"Springfield, United States",springfield_united_states
Lanham,United States,"Lanham, United States",lanham_united_states
St. Clair,Trinidad & Tobago,"St. Clair, Trinidad & Tobago",st._clair_trinidad_&_tobago
Leicester,England,"Leicester, England",leicester_england
Montréal,Canada,"Montréal, Canada",montréal_canada
Kourou,French Guiana,"Kourou, French Guiana",kourou_french_guiana
Montevideo,Uraguay,"Montevideo, Uruguay",montevideo_uruguay
Bogota,Colombia,"Bogota, Colombia",bogota_colombia
NA,Spain,"NA, Spain",na_spain
São Paulo,Brazil,"São Paulo, Brazil",são_paulo_brazil
Esplugues de Llobregat,Spain,"Esplugues de Llobregat, Spain",esplugues_de_llobregat_spain
Zurich,Switzerland,"Zurich, Switzerland",zurich_switzerland
Brussels,England,"Brussels, England",brussels_england
Georgetown,Guyana,"Georgetown, Guyana",georgetown_guyana
Jannali,Australia,"Jannali, Australia",jannali_australia
Lafayette,United States,"Lafayette, United States",lafayette_united_states
Spanish Town,Jamaica,"Spanish Town, Jamaica",spanish_town_jamaica
Manchester,England,"Manchester, England",manchester_england
Missoula,United States,"Missoula, United States",missoula_united_states
Copenhagen,Denmark,"Copenhagen, Denmark",copenhagen_denmark
Bukarest,Romania,"Bukarest, Romania",bukarest_romania
"Springfield, MA",United States,"Springfield, MA, United States",springfield_ma_united_states
"San Francisco, CA",United States,"San Francisco, CA, United States",san_francisco_ca_united_states
Palermo,Italy,"Palermo, Italy",palermo_italy
Poitiers,France,"Poitiers, France",poitiers_france
Tres Cantos,Spain,"Tres Cantos, Spain",tres_cantos_spain
Lutz,United States,"Lutz, United States",lutz_united_states
Tafalla,Spain,"Tafalla, Spain",tafalla_spain
Oxford,New Zealand,"Oxford, New Zealand",oxford_new_zealand
NA,NA,"NA, NA",na_na
"Chapel Hill, NC",United States,"Chapel Hill, NC, United States",chapel_hill_nc_united_states
Matoury,French Guiana,"Matoury, French Guiana",matoury_french_guiana
"Oakland, CA",United States,"Oakland, CA, United States",oakland_ca_united_states
Fort-de-France,Martinique,"Fort-de-France, Martinique",fort_de_france_martinique
"Charlottesville, VA",United States,"Charlottesville, VA, United States",charlottesville_va_united_states
Munich,Germany,"Munich, Germany",munich_germany
"Stanford, CA",United States,"Stanford, CA, United States",stanford_ca_united_states
"Pasadena, CA",United States,"Pasadena, CA, United States",pasadena_ca_united_states
"Durham, NC",England,"Durham, NC, England",durham_nc_england
Port of Spain,Trinidad & Tobago,"Port of Spain, Trinidad & Tobago",port_of_spain_trinidad_&_tobago
"Lincoln, NE",United States,"Lincoln, NE, United States",lincoln_ne_united_states
Waterloo,Canada,"Waterloo, Canada",waterloo_canada
"Urbana, IL",United States,"Urbana, IL, United States",urbana_il_united_states
Leeds,United States,"Leeds, United States",leeds_united_states
"Somerville, MA",United States,"Somerville, MA, United States",somerville_ma_united_states
Vigo,Spain,"Vigo, Spain",vigo_spain
"Tallahassee, FL",United States,"Tallahassee, FL, United States",tallahassee_fl_united_states
Carlton,Australia,"Carlton, Australia",carlton_australia
Markham,Canada,"Markham, Canada",markham_canada
Don Mills,Canada,"Don Mills, Canada",don_mills_canada
Dublin,Ireland,"Dublin, Ireland",dublin_ireland
"New York, NY",United States,"New York, NY , United States",new_york_ny__united_states
Ashland,United States,"Ashland, United States",ashland_united_states
Wildey,Barbados,"Wildey, Barbados",wildey_barbados
Pictou,Canada,"Pictou, Canada",pictou_canada
Pointe-À-Pitre,Guadeloupe,"Pointe-À-Pitre, Guadeloupe",pointe_à_pitre_guadeloupe
La Vergne,United States,"La Vergne, United States",la_vergne_united_states
Charlottesville,United States,"Charlottesville, United States",charlottesville_united_states
Eastbourne,England,"Eastbourne, England",eastbourne_england
Haarlem,Netherlands,"Haarlem, Netherlands",haarlem_netherlands
Amsterdam,Netherlands,"Amsterdam, Netherlands",amsterdam_netherlands
Manhattan,United States,"Manhattan, United States",manhattan_united_states
Basse-Terre,Guadeloupe,"Basse-Terre, Guadeloupe",basse_terre_guadeloupe
"Boulder, CO",United States,"Boulder, CO, United States",boulder_co_united_states
Köln,Germany,"Köln, Germany",köln_germany
Berlin Verl,Germany,"Berlin Verl, Germany",berlin_verl_germany
Roma,Italy,"Roma, Italy",roma_italy
Oslo,Norway,"Oslo, Norway",oslo_norway
München,Germany,"München, Germany",münchen_germany
Murska Sobota,Slovenia,"Murska Sobota, Slovenia",murska_sobota_slovenia
Helsingissä Hki,Finland,"Helsingissä Hki, Finland",helsingissä_hki_finland
Penhook,United States,"Penhook, United States",penhook_united_states
Messina,Italy,"Messina, Italy",messina_italy
"Seattle, WA",United States,"Seattle, WA, United States",seattle_wa_united_states
Sebastopol,United States,"Sebastopol, United States",sebastopol_united_states
Leiden,Netherlands,"Leiden, The Netherlands",leiden_the_netherlands
Speightstown,Barbados,"Speightstown, Barbados",speightstown_barbados
Chicago,United States,"Chicago, United States",chicago_united_states
Delaware,United States,"Delaware, United States",delaware_united_states
Amsterdam,Neverlands,"Amsterdam, Neverlands",amsterdam_neverlands
Düsseldorf,Germany,"Düsseldorf, Germany",düsseldorf_germany
Casale Monferrato,Italy,"Casale Monferrato, Italy",casale_monferrato_italy
Holon,Israel,"Holon, Israel",holon_israel
Budapest,Hungary,"Budapest, Hungary",budapest_hungary
Stockholm,Sweden,"Stockholm, Sweden",stockholm_sweden
Jyväskylä,Finland,"Jyväskylä, Finland",jyväskylä_finland
Tel Aviv,Israel,"Tel Aviv, Israel",tel_aviv_israel
Newark,United States,"Newark, United States",newark_united_states
Diego Martin,Trinidad & Tobago,"Diego Martin, Trinidad & Tobago",diego_martin_trinidad_&_tobago
"Portland, OR",United States,"Portland, OR, United States",portland_or_united_states
Portland,United States,"Portland, United States",portland_united_states
Lexington,United States,"Lexington, United States",lexington_united_states
Schleswig-Holstein,Germany,"Schleswig-Holstein, Germany",schleswig_holstein_germany
"Los Angeles, CA",United States,"Los Angeles, CA, United States",los_angeles_ca_united_states
Habana,Cuba,"Habana, Cuba",habana_cuba
Simsbury,United States,"Simsbury, United States",simsbury_united_states
Fort-de France,Martinique,"Fort-de France, Marinique",fort_de_france_marinique
Montréal,Canada,"Montréal, Canada",montréal_canada
Nendeln,Liechtenstein,"Nendeln, Liechtenstein",nendeln_liechtenstein
Montevideo,Uraguay,"Montevideo, Uraguay",montevideo_uraguay
Cambridge,United States,"Cambridge, United States",cambridge_united_states
Le Lamentin,Martinique,"Le Lamentin, Martinique",le_lamentin_martinique
Glasglow,Scotland,"Glasglow, Scotland",glasglow_scotland
Peterborough,Canada,"Peterborough, Canada",peterborough_canada
Lewiston,United States,"Lewiston, United States",lewiston_united_states
Roseau,Dominica,"Roseau, Dominica",roseau_dominica
"Long Grove, IL",United States,"Long Grove, IL, United States",long_grove_il_united_states
Halifax,Canada,"Halifax, Canada",halifax_canada
Hamilton,Bermuda,"Hamilton, Bermuda",hamilton_bermuda
Ohio,United States,"Ohio, United States",ohio_united_states
Cardiff,Wales,"Cardiff, Wales",cardiff_wales
Scotts Valley,United States,"Scotts Valley, United States",scotts_valley_united_states
"Atlanta, GA",United States,"Atlanta, GA, United States",atlanta_ga_united_states
Burton,United States,"Burton, United States",burton_united_states
Santiago,Cuba,"Santiago, Cuba",santiago_cuba
Matanzas,Cuba,"Matanzas, Cuba",matanzas_cuba
Honfleur,Frane,"Honfleur, Frane",honfleur_frane
Aarhus,Denmark,"Aarhus, Denmark",aarhus_denmark
Leatherhead,England,"Leatherhead, England",leatherhead_england
Liverpool,England,"Liverpool, England",liverpool_england
"Vancouver, BC",Canada,"Vancouver, BC, Canada",vancouver_bc_canada
La Roque-d'Anthéron,France,"La Roque-d'Anthéron, France",la_roque_d'anthéron_france
"Cleveland, OH",United States,"Cleveland, OH, United States",cleveland_oh_united_states
Rijswijk,Netherlands,"Rijswijk, Netherlands",rijswijk_netherlands
McHenry,United States,"McHenry, United States",mchenry_united_states
Bethesda,United States,"Bethesda, United States",bethesda_united_states
"Greenville, SC",United States,"Greenville, SC, United States",greenville_sc_united_states
Matoury,Guyana,"Matoury, Guyana",matoury_guyana
"Holiday, FL",United States,"Holiday, FL, United States",holiday_fl_united_states
Pinar del Río,Cuba,"Pinar del Río, Cuba",pinar_del_río_cuba
Guayaquil,Ecuador,"Guayaquil, Ecuador",guayaquil_ecuador
Holguín,Cuba,"Holguín, Cuba",holguín_cuba
Ciego de Ávila,Cuba,"Ciego de Ávila, Cuba",ciego_de_ávila_cuba
Leiden,Netherlands,"Leiden, Netherlands",leiden_netherlands
Puebla,Mexico,"Puebla, Mexico",puebla_mexico
Camaguey,Cuba,"Camaguey, Cuba",camaguey_cuba
Paraná,Brazil,"Paraná, Brazil",paraná_brazil
Oxfordshire,England,"Oxfordshire, England",oxfordshire_england
Guilin,China,"Guilin, China",guilin_china
Willimantic,United States,"Willimantic, United States",willimantic_united_states
Port of Spain,Trinidad & Tobago,"Port of Spain, Trinidad and Tobago",port_of_spain_trinidad_and_tobago
Basingstoke,England,"Basingstoke, England",basingstoke_england
Göttingen,Germany,"Göttingen, Germany",göttingen_germany
Charles Village,United States,"Charles Village, United States",charles_village_united_states
"Baltimore, MD",United States,"Baltimore, MD, United States",baltimore_md_united_states
"San Antonio, TX",United States,"San Antonio, TX, United States",san_antonio_tx_united_states
Surrey,England,"Surrey, England",surrey_england
Woodbridge,United States,"Woodbridge, United States",woodbridge_united_states
Jupiter,United States,"Jupiter, United States",jupiter_united_states
Austin,United States,"Austin, United States",austin_united_states
"Coconut Creek, FL",United States,"Coconut Creek, FL, United States",coconut_creek_fl_united_states
,,",",
Basseterre,St. Kitts,"Basseterre, St.Kitts",basseterre_st.kitts
Largo,United States,"Largo, United States",largo_united_states
"Fairfax, VA",United States,"Fairfax, VA, United States",fairfax_va_united_states
Basseterre,St. Kitts,"Basseterre, St. Kitts & Nevis",basseterre_st._kitts_&_nevis
San Juan,Trinidad & Tobago,"San Juan, Trinidad & Tobago",san_juan_trinidad_&_tobago
The Morne,St. Lucia,"The Morne, St. Lucia",the_morne_st._lucia
"Evanston, IL",United States,"Evanston, IL, United States",evanston_il_united_states
Melbourne,Australia,"Melbourne, Australia",melbourne_australia
San Fernando,Trinidad & Tobago,"San Fernando, Trinidad & Tobago",san_fernando_trinidad_&_tobago
The Morme,St. Lucia,"The Morme, St. Lucia",the_morme_st._lucia
Portsmouth,Dominica,"Portsmouth, Dominica",portsmouth_dominica
Jackson,United States,"Jackson, United States",jackson_united_states
Walton-on-Thames,England,"Walton-on-Thames, England",walton_on_thames_england
Oakland,United States,"Oakland, United States",oakland_united_states
Old Saybrook,United States,"Old Saybrook, United States",old_saybrook_united_states
Modena,Italy,"Modena, Italy",modena_italy
Burbank,United States,"Burbank, United States",burbank_united_states
Carshalton,England,"Carshalton, England",carshalton_england
Bridgend,Wales,"Bridgend, Wales",bridgend_wales
Chengdu,China,"Chengdu, China",chengdu_china
"Thousand Oaks, CA",United States,"Thousand Oaks, CA, United States",thousand_oaks_ca_united_states
"Houston, TX",United States,"Houston, TX, United States",houston_tx_united_states
Crows Nest,Australia,"Crows Nest, Australia",crows_nest_australia
Carlsbad,United States,"Carlsbad, United States",carlsbad_united_states
Tunapuna,Trinidad & Tonbago,"Tunapuna, Trinidad & Tonbago",tunapuna_trinidad_&_tonbago
Parker,United States,"Parker, United States",parker_united_states
Portsmouth,United States,"Portsmouth, United States",portsmouth_united_states
"Duluth, MN",United States,"Duluth, MN, United States",duluth_mn_united_states
Wilmore,United States,"Wilmore, United States",wilmore_united_states
D'Abadie,Trinidad & Tobago,"D'Abadie, Trinidad & Tobago",d'abadie_trinidad_&_tobago
Peterborough,England,"Peterborough, England",peterborough_england
Tunapuna,Trinidad & Tobago,"Tunapuna, Trinidad & Tobago",tunapuna_trinidad_&_tobago
D'Abadie,Trindad & Tobago,"D'Abadie, Trindad & Tobago",d'abadie_trindad_&_tobago
Northhampton,England,"Northhampton , England",northhampton__england
"Westminster, LDN",England,"Westminster, LDN, England",westminster_ldn_england
NA,France,"NA, France",na_france
Pretoria,South Africa,"Pretoria, South Africa",pretoria_south_africa
"Philadelphia, PA",United States,"Philadelphia, PA, United States",philadelphia_pa_united_states
"Clarion, PA",United States,"Clarion, PA, United States",clarion_pa_united_states
"Lehigh Acres, FL",United States,"Lehigh Acres, FL, United States",lehigh_acres_fl_united_states
"Kansas City, MO",United States,"Kansas City, MO, United States",kansas_city_mo_united_states
Osnabrück,Germany,"Osnabrück, Germany",osnabrück_germany
"Medway, MA",United States,"Medway, MA, United States",medway_ma_united_states
"Scott's Valley, CA",United States,"Scott's Valley, CA, United States",scott's_valley_ca_united_states
Harmondsworth,England,"Harmondsworth, England",harmondsworth_england
Concord,Canada,"Concord, Canada",concord_canada
"Caernarfon ([Penygroes, Caernarfon, Gwynedd])",,"Caernarfon ([Penygroes, Caernarfon, Gwynedd]),",caernarfon_([penygroes_caernarfon_gwynedd])
"Portsmouth, NH",England,"Portsmouth, NH, England",portsmouth_nh_england
Brisbane,Australia,"Brisbane, Australia",brisbane_australia
"Rochester, NY",United States,"Rochester, NY, United States",rochester_ny_united_states
"Warners Bay, N.S.W.",,"Warners Bay, N.S.W.,",warners_bay_n.s.w.
"Aldershot, Hants, England; Burlington, VT",,"Aldershot, Hants, England; Burlington, VT,",aldershot_hants_england;_burlington_vt
Saarbrücken,Germany,"Saarbrücken, Germany",saarbrücken_germany
Il-Blata l-Bajda,Malta,"Il-Blata l-Bajda, Malta",il_blata_l_bajda_malta
Place of publication not identified,,"Place of publication not identified,",place_of_publication_not_identified
"Warners Bay, N.S.W.",Canada,"Warners Bay, N.S.W., Canada",warners_bay_n.s.w._canada
"Markham, ON",Canada,"Markham, ON, Canada",markham_on_canada
Aylesbury,England,"Aylesbury, England",aylesbury_england
"Concord, ON",Canada,"Concord, ON, Canada",concord_on_canada
"Salt Lake City, Utah",United States,"Salt Lake City, Utah, United States",salt_lake_city_utah_united_states
Swansea,Wales,"Swansea, Wales",swansea_wales
Canberra,Australia,"Canberra, Australia",canberra_australia
"Mahwah, NJ",United States,"Mahwah, NJ, United States",mahwah_nj_united_states
"Bothell, WA",United States,"Bothell, WA, United States",bothell_wa_united_states
"Buckinghamshire, LDN",England,"Buckinghamshire, LDN, England",buckinghamshire_ldn_england
"San Diego, CA",United States,"San Diego, CA, United States",san_diego_ca_united_states
NA,Australia,"NA, Australia",na_australia
"Morrisville, NC",United States,"Morrisville, NC, United States",morrisville_nc_united_states
Oxfordhsire,England,"Oxfordhsire, England",oxfordhsire_england
"Hoboken, NJ",United States,"Hoboken, NJ, United States",hoboken_nj_united_states
Sydney,Australia,"Sydney, Australia",sydney_australia
"Clairton, PA",United States,"Clairton, PA, United States",clairton_pa_united_states
"Carlton; London; New York, NY",,"Carlton; London; New York, NY,",carlton;_london;_new_york_ny
"Red Bank, NJ",United States,"Red Bank, NJ, United States",red_bank_nj_united_states
Aberystwyth,Wales,"Aberystwyth, Wales",aberystwyth_wales
Carmarthen,Wales,"Carmarthen, Wales",carmarthen_wales
Cwmafon,Wales,"Cwmafon, Wales",cwmafon_wales
Merthyr-Tydfil,Wales,"Merthyr-Tydfil, Wales",merthyr_tydfil_wales
Penygroes,Wales,"Penygroes, Wales",penygroes_wales
Machynlleth,Wales,"Machynlleth, Wales",machynlleth_wales
Solva,Wales,"Solva, Wales",solva_wales
Dolgellau,Wales,"Dolgellau, Wales",dolgellau_wales
Troedyrhiw,Wales,"Troedyrhiw, Wales",troedyrhiw_wales
Caernarvon,Wales,"Caernarvon, Wales",caernarvon_wales
Saint Asaph,Wales,"Saint Asaph, Wales",saint_asaph_wales
Caernarfon,Wales,"Caernarfon, Wales",caernarfon_wales
Llandysul,Wales,"Llandysul, Wales",llandysul_wales
"Woodstock, N.Y.",United States,"Woodstock, N.Y., United States",woodstock_n.y._united_states
Bristol,England,"Bristol, England",bristol_england
Logan,United States,"Logan, United States",logan_united_states
"Tucson, AZ",United States,"Tucson, AZ, United States",tucson_az_united_states
Wrexham,Wales,"Wrexham, Wales",wrexham_wales
Ross-on-Wye,England,"Ross-on-Wye, England",ross_on_wye_england
"Freeport, N.Y.",United States,"Freeport, N.Y., United States",freeport_n.y._united_states
"Bloomington, IND",United States,"Bloomington, IND, United States",bloomington_ind_united_states
"Broadway, NY",United States,"Broadway, NY, United States",broadway_ny_united_states
NA,Trinidad & Tobago,"NA, Trinidad & Tobago",na_trinidad_&_tobago
"Greenville, N.C.",United States,"Greenville, N.C., United States",greenville_n.c._united_states
"Crawley, SX",England,"Crawley, SX, England",crawley_sx_england
Houten,Netherlands,"Houten, Netherlands",houten_netherlands
NA,England,"NA, England",na_england
"Washington, D.C",United States,"Washington, D.C, United States",washington_d.c_united_states
Hki,Finland,"Hki, Finland",hki_finland
Stuttgart,Germany,"Stuttgart, Germany",stuttgart_germany
Zürich,Switzerland,"Zürich, Switzerland",zürich_switzerland
NA,Germany,"NA, Germany",na_germany
Novara,Italy,"Novara, Italy",novara_italy
Zurich,Switzerland,"Zurich, Switserland",zurich_switserland
"Northampton, MA",United States,"Northampton, MA, United States",northampton_ma_united_states
"Ashland, OR",United States,"Ashland, OR, United States",ashland_or_united_states
Milano,Italy,"Milano, Italy",milano_italy
"Nashville, TN",United States,"Nashville, TN, United States",nashville_tn_united_states
"Gainesville, FL",United States,"Gainesville, FL, United States",gainesville_fl_united_states
Leeeds,England,"Leeeds, England",leeeds_england
"Toronto, ON",Canada,"Toronto, ON, Canada",toronto_on_canada
"University of Miami, MIA",United States,"University of Miami, MIA, United States",university_of_miami_mia_united_states
"Chapel Hill,NC",United States,"Chapel Hill,NC, United States",chapel_hillnc_united_states
"Nassau, Bahamas",Bahamas,"Nassau, Bahamas, Bahamas",nassau_bahamas_bahamas
Toronto,,"Toronto,",toronto
Paris,,"Paris,",paris
Edmonton,,"Edmonton,",edmonton
Montréal,,"Montréal,",montréal
"Harlow, Essex",,"Harlow, Essex,",harlow_essex
S.l.,,"S.l.,",s.l.
London,England,"London , England",london__england
Philipsburg,St. Maarten,"Philipsburg, St. Maarten",philipsburg_st._maarten
"Habana, Cuba",,"Habana, Cuba,",habana_cuba
Edingurgh,,"Edingurgh,",edingurgh
Paramaribo,,"Paramaribo,",paramaribo
La Habana,,"La Habana,",la_habana
London,,"London,",london
"Cascade, Port of Spain, Trinidad & Tobago",,"Cascade, Port of Spain, Trinidad & Tobago,",cascade_port_of_spain_trinidad_&_tobago
"New York, NY City",United States,"New York, NY City, United States",new_york_ny_city_united_states
Boston,,"Boston,",boston
"Castries, Saint Lucia",,"Castries, Saint Lucia,",castries_saint_lucia
Tubingen,Germany,"Tubingen, Germany",tubingen_germany
Kingston,,"Kingston,",kingston
"Miami, FL, FL, USA",,"Miami, FL, FL, USA,",miami_fl_fl_usa
Vaduz,,"Vaduz,",vaduz
Barcelona,,"Barcelona,",barcelona
México,,"México,",méxico
Santiago de Chile,,"Santiago de Chile,",santiago_de_chile
"México, D.F.",,"México, D.F.,",méxico_d.f.
Montevideo,,"Montevideo,",montevideo
Madrid,,"Madrid,",madrid
Frankfurt,,"Frankfurt,",frankfurt
"Madrid : Cátedra, 1980",,"Madrid : Cátedra, 1980,",madrid_:_cátedra_1980
"México, D.F",,"México, D.F,",méxico_d.f
"Mexico City, MEX",United States,"Mexico City, MEX, United States",mexico_city_mex_united_states
"Westport, CT",United States,"Westport, CT, United States",westport_ct_united_states
"Leeds, NYK",England,"Leeds, NYK, England",leeds_nyk_england
"Galisteo, CAR",Spain,"Galisteo, CAR, Spain",galisteo_car_spain
Castries,Cuba,"Castries, Cuba",castries_cuba
"Haarlem, NH",Netherlands,"Haarlem, NH, Netherlands",haarlem_nh_netherlands
"Harlow, Essex",England,"Harlow, Essex, England",harlow_essex_england
"San Juan, PR",United States,"San Juan, PR, United States",san_juan_pr_united_states
"Washington, D.C.",United States,"Washington, D.C., United States",washington_d.c._united_states
"Paris, IDF",France,"Paris, IDF, France",paris_idf_france
"Bornheim, NW",Germany,"Bornheim, NW, Germany",bornheim_nw_germany
"Sassari, SAR",Italy,"Sassari, SAR, Italy",sassari_sar_italy
"Tokyo, Kantō",Japan,"Tokyo, Kantō, Japan",tokyo_kantō_japan
"Lake County, IL",United States,"Lake County, IL, United States",lake_county_il_united_states
NSH,United States,"NSH, United States",nsh_united_states
"Kirklees, YSW",England,"Kirklees, YSW, England",kirklees_ysw_england
"Liverpool, MSY",England,"Liverpool, MSY, England",liverpool_msy_england
,Trinidad & Tobago,", Trinidad and Tobago",_trinidad_and_tobago
"Montréal, QC",Canada,"Montréal, QC, Canada",montréal_qc_canada
"St. Augustine, TT-TUP",Trinidad & Tobago,"St. Augustine, TT-TUP, Trinidad and Tobago",st._augustine_tt_tup_trinidad_and_tobago
"Port of Spain, SJL",Trinidad & Tobago,"Port of Spain, SJL, Trinidad and Tobago",port_of_spain_sjl_trinidad_and_tobago
"Lanham, MD",United States,"Lanham, MD, United States",lanham_md_united_states
"Madrid, SF",United States,"Madrid, SF, United States",madrid_sf_united_states
"Valencia, V",Spain,"Valencia, V, Spain",valencia_v_spain
"Detroit, MICH",United States,"Detroit, MICH, United States",detroit_mich_united_states
"Oxford, Oxon",England,"Oxford, Oxon, England",oxford_oxon_england
"Paris, IDF",England,"Paris, IDF, England",paris_idf_england
"Pittsburgh, PA",United States,"Pittsburgh, PA, United States",pittsburgh_pa_united_states
"New York, NY,",United States,"New York, NY, , United States",new_york_ny__united_states
"Old Westbury, N.Y",United States,"Old Westbury, N.Y, United States",old_westbury_n.y_united_states
"Columbia, MO",United States,"Columbia, MO, United States",columbia_mo_united_states
"Eastford, CT",United States,"Eastford, CT, United States",eastford_ct_united_states
"Mineola, N.Y",United States,"Mineola, N.Y, United States",mineola_n.y_united_states
"Victoria, BC",Canada,"Victoria, BC, Canada",victoria_bc_canada
"Fontabelle, BB-08",Barbados,"Fontabelle, BB-08, Barbados",fontabelle_bb_08_barbados
"Winston-Salem, NC",United States,"Winston-Salem, NC, United States",winston_salem_nc_united_states
"New Haven, LDN",England,"New Haven, LDN, England",new_haven_ldn_england
Petit-Bourg,Guadeloupe,"Petit-Bourg, Guadeloupe",petit_bourg_guadeloupe
"Berkeley, CA",United States,"Berkeley, CA, United States",berkeley_ca_united_states
Rome,Italy,"Rome, Italy",rome_italy
"Chatham, NJ",United States,"Chatham, NJ, United States",chatham_nj_united_states
Moskva,Russia,"Moskva, Russia",moskva_russia
Nassau,Bahamas,"Nassau, Bahamas",nassau_bahamas
Edinburgh,Scotland,"Edinburgh, Scotland",edinburgh_scotland
Quezon City,Philippines,"Quezon City, Philippines",quezon_city_philippines
"Concord, MA",United States,"Concord, MA, United States",concord_ma_united_states
"Garden City, NY",United States,"Garden City, NY, United States",garden_city_ny_united_states
"Bath, SOM",England,"Bath, SOM, England",bath_som_england
"Tempe, AZ",United States,"Tempe, AZ, United States",tempe_az_united_states
"Toronto, ONT",Canada,"Toronto, ONT, Canada",toronto_ont_canada
"Aylesbury, Bucks",England,"Aylesbury, Bucks, England",aylesbury_bucks_england
NA,Barbados,"NA, Barbados",na_barbados
La Habana,Cuba,"La Habana, Cuba",la_habana_cuba
Port-of-Spain,Trinidad & Tobago,"Port-of-Spain, Trinidad & Tobago",port_of_spain_trinidad_&_tobago
"Markham, ONT",Canada,"Markham, ONT, Canada",markham_ont_canada
"Franklin Center, PA",United States,"Franklin Center, PA, United States",franklin_center_pa_united_states
Hamburg,Germany,"Hamburg, Germany",hamburg_germany
Köln,Germany,"Köln, Germany",köln_germany
Tel-Aviv,Israel,"Tel-Aviv, Israel",tel_aviv_israel
Seoul,South Korea,"Seoul, South Korea",seoul_south_korea
Tehran,Iran,"Tehran, Iran",tehran_iran
Warszawa,Poland,"Warszawa, Poland",warszawa_poland
NA,Mexico,"NA, Mexico",na_mexico
Stockholm,Sweden,"Stockholm, Sweeden",stockholm_sweeden
Kyoto,Japan,"Kyoto, Japan",kyoto_japan
"Helsingissä, Hki",Finland,"Helsingissä, Hki, Finland",helsingissä_hki_finland
Tōkyō,Japan,"Tōkyō, Japan",tōkyō_japan
"Harmondsworth, LDN",England,"Harmondsworth, LDN, England",harmondsworth_ldn_england
Shīrāz,Iran,"Shīrāz, Iran",shīrāz_iran
Tallinn,Estonia,"Tallinn, Estonia",tallinn_estonia
Höganäs,Höganäs,"Höganäs, Höganäs",höganäs_höganäs
Istanbul,Turkey,"Istanbul, Turkey",istanbul_turkey
Gornji Milanovac,Serbia,"Gornji Milanovac, Serbia",gornji_milanovac_serbia
"Cheyenne, WY",United States,"Cheyenne, WY, United States",cheyenne_wy_united_states
Dijon,France,"Dijon, France",dijon_france
"Sãu Paulo, SP",Brazil,"Sãu Paulo, SP, Brazil",sãu_paulo_sp_brazil
Harmondsworth,,"Harmondsworth,",harmondsworth
Mexico,,"Mexico,",mexico
Milano,,"Milano,",milano
Harlow,,"Harlow,",harlow
Leeds,,"Leeds,",leeds
"London ; Roseau, Dominica",,"London ; Roseau, Dominica,",london_;_roseau_dominica
,French Guiana,", Guyane",_guyane
"Trenton, N.J.; Edmonton, Alta., Canada",,"Trenton, N.J.; Edmonton, Alta., Canada,",trenton_n.j.;_edmonton_alta._canada
Antigua,,"Antigua,",antigua
St. John's? Antigua; London,,"St. John's? Antigua; London,",st._john's?_antigua;_london
"La Habana, Cuba",,"La Habana, Cuba,",la_habana_cuba
S.I.,,"S.I.,",s.i.
"Emeryville, CA; [Berkeley, Calif.",,"Emeryville, CA; [Berkeley, Calif.,",emeryville_ca;_[berkeley_calif.
"Port of Spain, Trinidad",,"Port of Spain, Trinidad,",port_of_spain_trinidad
Ciudad de La Habana,,"Ciudad de La Habana,",ciudad_de_la_habana
"London; Portsmouth, N.H., USA",,"London; Portsmouth, N.H., USA,",london;_portsmouth_n.h._usa
Caracas,,"Caracas,",caracas
"San Juan, Puerto Rico",,"San Juan, Puerto Rico,",san_juan_puerto_rico
Zürich,,"Zürich,",zürich
"Ciudad de La Habana, Cuba",,"Ciudad de La Habana, Cuba,",ciudad_de_la_habana_cuba
Santo Domingo,,"Santo Domingo,",santo_domingo
Zürich,,"Zürich,",zürich
San Juan (Puerto Rico,,"San Juan (Puerto Rico,",san_juan_(puerto_rico
Bogotá,,"Bogotá,",bogotá
El Vedado (La Habana,,"El Vedado (La Habana,",el_vedado_(la_habana
Ciudad de La Habana [Cuba,,"Ciudad de La Habana [Cuba,",ciudad_de_la_habana_[cuba
Washington,,"Washington,",washington
"Alfragide, Portugal",,"Alfragide, Portugal,",alfragide_portugal
Kraków,,"Kraków,",kraków
Zürich,Switszerland,"Zürich, Switszerland",zürich_switszerland
"San Juan, P.R.",,"San Juan, P.R.,",san_juan_p.r.
"Indianapolis, Ind",United States,"Indianapolis, Ind, United States",indianapolis_ind_united_states
"Oxford, ENG",England,"Oxford, ENG, England",oxford_eng_england
"Kingston, JAM",Jamaica,"Kingston, JAM, Jamaica",kingston_jam_jamaica
"Port of Spain, TT",Trinidad & Tobago,"Port of Spain, TT, Trinidad and Tobago",port_of_spain_tt_trinidad_and_tobago
"Port-au-Prince, HAT",Haiti,"Port-au-Prince, HAT, Haiti",port_au_prince_hat_haiti
"Petit-Bourg, GP",Guadeloupe,"Petit-Bourg, GP, Guadeloupe",petit_bourg_gp_guadeloupe
"Paris, FR",France,"Paris, FR, France",paris_fr_france
"Leeds, LDN",England,"Leeds, LDN, England",leeds_ldn_england
"Princeton, NJ",New Jersey,"Princeton, NJ, New Jersey",princeton_nj_new_jersey
"Yorkshire, ENG",England,"Yorkshire, ENG, England",yorkshire_eng_england
"Princeton, N.J,",New Jersey,"Princeton, N.J,, New Jersey",princeton_n.j_new_jersey
"Scotts Valley, CA",United States,"Scotts Valley, CA, United States",scotts_valley_ca_united_states
"Los Gatos, CA",United States,"Los Gatos, CA, United States",los_gatos_ca_united_states
"Oxford ; Portsmouth, N.H.,",United States,"Oxford ; Portsmouth, N.H.,, United States",oxford_;_portsmouth_n.h._united_states
"Amherst, M.A",United States,"Amherst, M.A, United States",amherst_m.a_united_states
"London, LDN",England,"London, LDN, England",london_ldn_england
"Amsterdam, AMS",Netherlands,"Amsterdam, AMS, Netherlands",amsterdam_ams_netherlands
"Breda, NB",Netherlands,"Breda, NB, Netherlands",breda_nb_netherlands
"Den Haag, ZH",Netherlands,"Den Haag, ZH, Netherlands",den_haag_zh_netherlands
"Springfield, OH",United States,"Springfield, OH, United States",springfield_oh_united_states
"Ambergate, ENG",England,"Ambergate, ENG, England",ambergate_eng_england
"Brantford, Ont.",Canada,"Brantford, Ont., Canada",brantford_ont._canada
London,Unites Kingdom,"London, Unites Kingdom",london_unites_kingdom
Ambergate,England,"Ambergate, England",ambergate_england
"Frankfurt, GE",Germany,"Frankfurt, GE, Germany",frankfurt_ge_germany
"Bern, CH",Switzerland,"Bern, CH, Switzerland",bern_ch_switzerland
"Riga, LV",Latvia,"Riga, LV, Latvia",riga_lv_latvia
"Rio de Janeiro, BR",Brazil,"Rio de Janeiro, BR, Brazil",rio_de_janeiro_br_brazil
"Lisbon, PT",Portugal,"Lisbon, PT, Portugal",lisbon_pt_portugal
"Madrid, ESP",Spain,"Madrid, ESP, Spain",madrid_esp_spain
"Stockholm, SE",Sweden,"Stockholm, SE, Sweden",stockholm_se_sweden
Beograd; Alnari,Serbia,"Beograd; Alnari, Serbia",beograd;_alnari_serbia
"Stuggart, ZWS",Germany,"Stuggart, ZWS, Germany",stuggart_zws_germany
"Reggio Emilia, IT",Italy,"Reggio Emilia, IT, Italy",reggio_emilia_it_italy
"Napoli, IT",Italy,"Napoli, IT, Italy",napoli_it_italy
"New York, NY",New York,"New York, NY, New York",new_york_ny_new_york
Lund,Sweden,"Lund, Sweden",lund_sweden
"Brisbane, QLD",Australia,"Brisbane, QLD, Australia",brisbane_qld_australia
Leipzig,Germany,"Leipzig, Germany",leipzig_germany
"Stuart, FL",United States,"Stuart, FL, United States",stuart_fl_united_states
Lübeck,Germany,"Lübeck, Germany",lübeck_germany
Santiago de Cuba,Cuba,"Santiago de Cuba, Cuba",santiago_de_cuba_cuba
São Paulo,Brazil,"São Paulo, Brazil",são_paulo_brazil
"Hygiene, CO",United States,"Hygiene, CO, United States",hygiene_co_united_states
Rennes,France,"Rennes, France",rennes_france
"Portsmouth, NH",United States,"Portsmouth, NH, United States",portsmouth_nh_united_states
"Edinburg, TX",United States,"Edinburg, TX, United States",edinburg_tx_united_states
"Champaign, IL",United States,"Champaign, IL, United States",champaign_il_united_states
"Leeds, ENG",England,"Leeds, ENG, England",leeds_eng_england
"Harlow, ENG",England,"Harlow, ENG, England",harlow_eng_england
Baghdad,Iraq,"Baghdad, Iraq",baghdad_iraq
Beijing,China,"Beijing, China",beijing_china
"Freeport, N.Y",United States,"Freeport, N.Y, United States",freeport_n.y_united_states
"Harmondsworth, ENG",England,"Harmondsworth, ENG, England",harmondsworth_eng_england
"North Stratford, NH",United States,"North Stratford, NH, United States",north_stratford_nh_united_states
München,Germany,"München, Germany",münchen_germany
Athens,Greece,"Athens, Greece",athens_greece
Den Haag,,"Den Haag,",den_haag
Zagreb,,"Zagreb,",zagreb
Mexico D.F.,Mexico,"Mexico D.F., Mexico",mexico_d.f._mexico
Barcelona; Buenos Aires,,"Barcelona; Buenos Aires,",barcelona;_buenos_aires
Bacrcelona,Spain,"Bacrcelona, Spain",bacrcelona_spain
,Mexico,", Mexico",_mexico
Köln,,"Köln,",köln
Oxford University Press,England,"Oxford University Press, England",oxford_university_press_england
Soul,,"Soul,",soul
Athena,Greece,"Athena, Greece",athena_greece
Frankfurt/M.; Berlin,Germany,"Frankfurt/M.; Berlin, Germany",frankfurt/m.;_berlin_germany
Athena,,"Athena,",athena
Bucuresti,,"Bucuresti,",bucuresti
Krakow,Poland,"Krakow, Poland",krakow_poland
Firenze,Italy,"Firenze, Italy",firenze_italy
"New Brunswick, New Jersey",,"New Brunswick, New Jersey,",new_brunswick_new_jersey
"Poitiers (Vienne), France",,"Poitiers (Vienne), France,",poitiers_(vienne)_france
"Vienne, France",,"Vienne, France,",vienne_france
"Niort, France",,"Niort, France,",niort_france
Matanzas,,"Matanzas,",matanzas
Matanazas,Cuba,"Matanazas, Cuba",matanazas_cuba
"Portsmouth, NH",,"Portsmouth, NH,",portsmouth_nh
"New York, NY",,"New York, NY,",new_york_ny
"Indianapolis; New York, NY",,"Indianapolis; New York, NY,",indianapolis;_new_york_ny
"Ann Arbor, Mich., University Microfilms",,"Ann Arbor, Mich., University Microfilms,",ann_arbor_mich._university_microfilms
"Tafalla, Navarra",,"Tafalla, Navarra,",tafalla_navarra
"Miami, FL, Fla",,"Miami, FL, Fla,",miami_fl_fla
Munich,,"Munich,",munich
"Coconut Creek, Fla.",,"Coconut Creek, Fla.,",coconut_creek_fla.
"Pompano Beach, FL",,"Pompano Beach, FL,",pompano_beach_fl
Les Ed. Fran??ais R??unis,,"Les Ed. Fran??ais R??unis,",les_ed._fran??ais_r??unis
Lewiston,,"Lewiston,",lewiston
(London),England,"(London), England",(london)_england
Paris; Budapest; Kinshasa,,"Paris; Budapest; Kinshasa,",paris;_budapest;_kinshasa
Port-au-Prince,,"Port-au-Prince,",port_au_prince
"Port of Spain, Trinidad & Tobago",,"Port of Spain, Trinidad & Tobago,",port_of_spain_trinidad_&_tobago
Kbh.,,"Kbh.,",kbh.
Nendeln (Liechtenstein); Kraus,,"Nendeln (Liechtenstein); Kraus,",nendeln_(liechtenstein);_kraus
Pp. 207. Hutchinson,,"Pp. 207. Hutchinson,",pp._207._hutchinson
,Trinidad & Tobago,", Trinidad & Tobago",_trinidad_&_tobago
"Normal, IL",,"Normal, IL,",normal_il
Buenos Aires,,"Buenos Aires,",buenos_aires
"Peterborough, Ont.; Orchard Park, NY",,"Peterborough, Ont.; Orchard Park, NY,",peterborough_ont.;_orchard_park_ny
Trinidad & Tobago,,"Trinidad & Tobago,",trinidad_&_tobago
Fredensborg,,"Fredensborg,",fredensborg
"Harlow, Essex, England",England,"Harlow, Essex, England, England",harlow_essex_england_england
London u.a.,England,"London u.a., England",london_u.a._england
Port of Spain,,"Port of Spain,",port_of_spain
"Burnt Mill, Harlow, Essex, England",,"Burnt Mill, Harlow, Essex, England,",burnt_mill_harlow_essex_england
Oxford University Press,,"Oxford University Press,",oxford_university_press
"Kingston, Jamaica",,"Kingston, Jamaica,",kingston_jamaica
"Mona, Jamaica",,"Mona, Jamaica,",mona_jamaica
Trinidad u.a.,,"Trinidad u.a.,",trinidad_u.a.
Trinidad,,"Trinidad,",trinidad
Gainesville,,"Gainesville,",gainesville
"Georgetown, Guyana",,"Georgetown, Guyana,",georgetown_guyana
San Franciso,,"San Franciso,",san_franciso
"Oxford; Portsmouth, NH",,"Oxford; Portsmouth, NH,",oxford;_portsmouth_nh
Macdonald Orbis,,"Macdonald Orbis,",macdonald_orbis
"Matoury, French Guiana",,"Matoury, French Guiana,",matoury_french_guiana
"Caroni, Trinidad & Tobago",,"Caroni, Trinidad & Tobago,",caroni_trinidad_&_tobago
"La Vergne, Tenn.",,"La Vergne, Tenn.,",la_vergne_tenn.
New Delhi,India,"New Delhi, India",new_delhi_india
Philadelphia,United States,"Philadelphia, United States",philadelphia_united_states
Chicago,,"Chicago,",chicago
Frankfurt; Madrid,,"Frankfurt; Madrid,",frankfurt;_madrid
"New York, NY, N.Y.",United States,"New York, NY, N.Y., United States",new_york_ny_n.y._united_states
"New York, NY; Toronto",,"New York, NY; Toronto,",new_york_ny;_toronto
Ch??lons,,"Ch??lons,",ch??lons
"Miami, FL, FL",United States,"Miami, FL, FL, United States",miami_fl_fl_united_states
Santa Clara,Cuba,"Santa Clara, Cuba",santa_clara_cuba
"Brooklyn, NY, NY",United States,"Brooklyn, NY, NY, United States",brooklyn_ny_ny_united_states
Jerusalem,,"Jerusalem,",jerusalem
Cap-Henry,,"Cap-Henry,",cap_henry
Pp. 149. [Santiago de Cuba,,"Pp. 149. [Santiago de Cuba,",pp._149._[santiago_de_cuba
Ciudad de La Habana,Cuba,"Ciudad de La Habana, Cuba",ciudad_de_la_habana_cuba
"New York, NY",Canada,"New York, NY, Canada",new_york_ny_canada
Minneapolis,United States,"Minneapolis, United States",minneapolis_united_states
Munchen,Germany,"Munchen, Germany",munchen_germany
Germany,Europe,"Germany, Europe",germany_europe
Torino,Italy,"Torino, Italy",torino_italy
Estonia,Europe,"Estonia, Europe",estonia_europe
London,Europe,"London, Europe",london_europe
"Kendrick, ID",United States,"Kendrick, ID, United States",kendrick_id_united_states
Benin City,Nigeria,"Benin City, Nigeria",benin_city_nigeria
Abingdon,England,"Abingdon, England",abingdon_england
St. James,Barbados,"St. James, Barbados",st._james_barbados
Pasadena,United States,"Pasadena, United States",pasadena_united_states
Saint Croix,Virgin Islands,"Saint Croix, Virgin Islands",saint_croix_virgin_islands
St. Peter,Barbados,"St. Peter, Barbados",st._peter_barbados
Rhyl,Wales,"Rhyl, Wales",rhyl_wales
Paramaribo,Suriname,"Paramaribo, Suriname",paramaribo_suriname
"Manhattan, NY",United States,"Manhattan, NY, United States",manhattan_ny_united_states
Benque Viejo Del Carmen,Belize,"Benque Viejo Del Carmen, Belize",benque_viejo_del_carmen_belize
Orléans,France,"Orléans, France",orléans_france
Easthampton,Massachusetts,"Easthampton, Massachusetts",easthampton_massachusetts
"Detroit, MI",United States,"Detroit, MI, United States",detroit_mi_united_states
"Chico, CA",United States,"Chico, CA, United States",chico_ca_united_states
"Buffalo, NY",United States,"Buffalo, NY, United States",buffalo_ny_united_states
"North Melbourne, Vic",Australia,"North Melbourne, Vic, Australia",north_melbourne_vic_australia
Norderstedt,Germany,"Norderstedt, Germany",norderstedt_germany
Zürich,Switzerland,"Zürich , Switzerland",zürich__switzerland
"Watertown, MA",United States,"Watertown, MA, United States",watertown_ma_united_states
"Brantford, ON","Brantford, ON","Brantford, ON, Brantford, ON",brantford_on_brantford_on
Toronto,Canada,"Toronto , Canada",toronto__canada
Perros-Guirec,France,"Perros-Guirec, France",perros_guirec_france
"Durham, NC",United States,"Durham, NC, United States",durham_nc_united_states
Quebec,Canada,"Quebec, Canada",quebec_canada
Nederland,,"Nederland,",nederland
Montrouge,,"Montrouge,",montrouge
Amsterdam,,"Amsterdam,",amsterdam
Taibei,,"Taibei,",taibei
Matoury (Guyane Fran??aise),,"Matoury (Guyane Fran??aise),",matoury_(guyane_fran??aise)
Paris; Dakar,,"Paris; Dakar,",paris;_dakar
Matoury,,"Matoury,",matoury
Nendeln,,"Nendeln,",nendeln
Baarn; Den Haag; Brussel,,"Baarn; Den Haag; Brussel,",baarn;_den_haag;_brussel
Nendeln (tr. Germany),,"Nendeln (tr. Germany),",nendeln_(tr._germany)
Fr??jus,,"Fr??jus,",fr??jus
"Kingston; Miami, FL",,"Kingston; Miami, FL,",kingston;_miami_fl
"St. Mary/St. Catherine, Jamaica, W.I.",,"St. Mary/St. Catherine, Jamaica, W.I.,",st._mary/st._catherine_jamaica_w.i.
Bornheim,,"Bornheim,",bornheim
Praha,,"Praha,",praha
Warszawa,,"Warszawa,",warszawa
"Chapel Hill, N.C.",,"Chapel Hill, N.C.,",chapel_hill_n.c.
Prince Frederick,,"Prince Frederick,",prince_frederick
"North Andover, Mass.",,"North Andover, Mass.,",north_andover_mass.
"Columbus, O.H.",,"Columbus, O.H.,",columbus_o.h.
"Prince Frederick, Md.; [Prince Frederick, Md.",,"Prince Frederick, Md.; [Prince Frederick, Md.,",prince_frederick_md.;_[prince_frederick_md.
Oxford,,"Oxford,",oxford
"Toronto, ON",,"Toronto, ON,",toronto_on
"Markham, ON",,"Markham, ON,",markham_on
St. Lucia,,"St. Lucia,",st._lucia
Philadelphia.,,"Philadelphia.,",philadelphia.
"New York, NY; London",,"New York, NY; London,",new_york_ny;_london
Roseau,,"Roseau,",roseau
"Roseau, Dominica",,"Roseau, Dominica,",roseau_dominica
"Roseau, Dominica, W.I.",,"Roseau, Dominica, W.I.,",roseau_dominica_w.i.
London; Kingston; Port of Spain,,"London; Kingston; Port of Spain,",london;_kingston;_port_of_spain
Charlottesville,,"Charlottesville,",charlottesville
Haiti,,"Haiti,",haiti
Firenze,,"Firenze,",firenze
Carouge-Geneve,Switzerland,"Carouge-Geneve, Switzerland",carouge_geneve_switzerland
Ankara,Turkey,"Ankara, Turkey",ankara_turkey
Erlandson,Denmark,"Erlandson, Denmark",erlandson_denmark
Muir of Od,Scotland,"Muir of Od, Scotland",muir_of_od_scotland
"Port Townsend, WA",United States,"Port Townsend, WA, United States",port_townsend_wa_united_states
"Fredericton, NB",Canada,"Fredericton, NB, Canada",fredericton_nb_canada
"Spartanburg, SC",United States,"Spartanburg, SC, United States",spartanburg_sc_united_states
Wuppertal,Germany,"Wuppertal, Germany",wuppertal_germany
"Pessac, BX",France,"Pessac, BX, France",pessac_bx_france
Bussum,Netherlands,"Bussum, Netherlands",bussum_netherlands
"Mineola, NY",United States,"Mineola, NY, United States",mineola_ny_united_states
"Stratford, ON",Canada,"Stratford, ON, Canada",stratford_on_canada
"Waterloo, ON",Canada,"Waterloo, ON, Canada",waterloo_on_canada
"Brooklyn, NY",United States,"Brooklyn, NY, United States",